,Source,Target
0,Felkalin,AutoModerator
1,blue_strawberryx,zenware
2,zenware,blue_strawberryx
3,zenware,dragonsapphic
4,zenware,zenware
5,blue_strawberryx,zenware
6,chjesper,blue_strawberryx
7,blue_strawberryx,chjesper
8,blue_strawberryx,Moist_Confusion
9,blue_strawberryx,zenware
10,blue_strawberryx,blue_strawberryx
11,blue_strawberryx,dragonsapphic
12,blue_strawberryx,blue_strawberryx
13,blue_strawberryx,zenware
14,SonofaBranMuffin,blue_strawberryx
15,blue_strawberryx,zenware
16,zenware,blue_strawberryx
17,zenware,dragonsapphic
18,zenware,zenware
19,SonofaBranMuffin,zenware
20,chjesper,blue_strawberryx
21,SonofaBranMuffin,chjesper
22,SonofaBranMuffin,Moist_Confusion
23,blue_strawberryx,zenware
24,SonofaBranMuffin,blue_strawberryx
25,SonofaBranMuffin,dragonsapphic
26,SonofaBranMuffin,blue_strawberryx
27,SonofaBranMuffin,zenware
28,Felkalin,SonofaBranMuffin
29,IAmBabs,Moist_Confusion
30,niooosan,IAmBabs
31,niooosan,LikeALoneRanger
32,niooosan,Moist_Confusion
33,Felkalin,niooosan
34,lord__cuthbert,zeophia
35,lord__cuthbert,rulesforrebels
36,Felkalin,lord__cuthbert
37,Felkalin,KosmicKoda
38,Felkalin,ResponsibleSteak4994
39,Felkalin,A55_Cactu5
40,blue_strawberryx,zenware
41,zenware,blue_strawberryx
42,zenware,dragonsapphic
43,zenware,zenware
44,blue_strawberryx,zenware
45,chjesper,blue_strawberryx
46,blue_strawberryx,chjesper
47,blue_strawberryx,Moist_Confusion
48,blue_strawberryx,zenware
49,blue_strawberryx,blue_strawberryx
50,blue_strawberryx,dragonsapphic
51,blue_strawberryx,blue_strawberryx
52,blue_strawberryx,zenware
53,Felkalin,blue_strawberryx
54,IAmBabs,Moist_Confusion
55,Felkalin,IAmBabs
56,Felkalin,LikeALoneRanger
57,Felkalin,zeophia
58,Felkalin,rulesforrebels
59,blue_strawberryx,zenware
60,zenware,blue_strawberryx
61,zenware,dragonsapphic
62,zenware,zenware
63,Felkalin,zenware
64,chjesper,blue_strawberryx
65,Felkalin,chjesper
66,Felkalin,Moist_Confusion
67,Felkalin,Moist_Confusion
68,blue_strawberryx,zenware
69,Felkalin,blue_strawberryx
70,Felkalin,dragonsapphic
71,Felkalin,blue_strawberryx
72,Felkalin,zenware
73,mhardgrove,nossr50
74,mhardgrove,AmericaRocks1776
75,JohnnyFire,mhardgrove
76,JohnnyFire,holdpls
77,JohnnyFire,Bastinglobster
78,IamPsyduck,Degenerate-Implement
79,mariesoleil,IamPsyduck
80,mariesoleil,SetzerWithFixedDice
81,mariesoleil,UnluckyStrategy8
82,mariesoleil,Degenerate-Implement
83,JohnnyFire,mariesoleil
84,JohnnyFire,oxfart_comma
85,JohnnyFire,dlogan3344
86,woot0,fuzzy_bat
87,JohnnyFire,woot0
88,JohnnyFire,Degenerate-Implement
89,JohnnyFire,Dikmunch
90,JohnnyFire,technofuture8
91,JohnnyFire,nossr50
92,JohnnyFire,AmericaRocks1776
93,IamPsyduck,Degenerate-Implement
94,JohnnyFire,IamPsyduck
95,JohnnyFire,SetzerWithFixedDice
96,JohnnyFire,UnluckyStrategy8
97,JohnnyFire,fuzzy_bat
98,JohnnyFire,Degenerate-Implement
99,Envoc,inode
100,Envoc,usamaejazch
101,inode,Envoc
102,inode,inode
103,inode,usamaejazch
104,SXSWBot,inode
105,tmart016,torilikefood
106,Yolofreelance,theomeny
107,tmart016,Yolofreelance
108,tmart016,theomeny
109,tan_giraffe,tmart016
110,tan_giraffe,torilikefood
111,Yolofreelance,theomeny
112,tan_giraffe,Yolofreelance
113,tan_giraffe,theomeny
114,SXSWBot,tan_giraffe
115,SXSWBot,ReadyTime
116,nickromas,yy633013
117,SXSWBot,nickromas
118,SXSWBot,GameofCHAT
119,SXSWBot,ilygeekedup
120,SXSWBot,okdotdotdot
121,dfort1986,RUFiO006
122,SXSWBot,dfort1986
123,Envoc,inode
124,Envoc,usamaejazch
125,SXSWBot,Envoc
126,tmart016,torilikefood
127,Yolofreelance,theomeny
128,tmart016,Yolofreelance
129,tmart016,theomeny
130,SXSWBot,tmart016
131,SXSWBot,yy633013
132,SXSWBot,bmoisblue
133,SXSWBot,RUFiO006
134,SXSWBot,inode
135,SXSWBot,usamaejazch
136,SXSWBot,torilikefood
137,Yolofreelance,theomeny
138,SXSWBot,Yolofreelance
139,SXSWBot,theomeny
140,curveballhomerun,Awittysaying
141,ZachPaj,curveballhomerun
142,ZachPaj,cgallic
143,curveballhomerun,ZachPaj
144,incognitodream,curveballhomerun
145,curveballhomerun,incognitodream
146,cheeseandwich,curveballhomerun
147,curveballhomerun,cheeseandwich
148,curveballhomerun,The_Pip
149,curveballhomerun,cereal_killerer
150,curveballhomerun,sleazyez
151,MattMizzle,curveballhomerun
152,curveballhomerun,MattMizzle
153,curveballhomerun,curveballhomerun
154,MrRadio,curveballhomerun
155,MattMizzle,curveballhomerun
156,MrRadio,MattMizzle
157,MrRadio,curveballhomerun
158,curveballhomerun,MrRadio
159,curveballhomerun,IAmTheNewGuy
160,curveballhomerun,DavidGWelch
161,curveballhomerun,birand
162,curveballhomerun,lewismufc
163,curveballhomerun,xiares
164,curveballhomerun,curveballhomerun
165,curveballhomerun,cgallic
166,curveballhomerun,curveballhomerun
167,curveballhomerun,curveballhomerun
168,MattMizzle,curveballhomerun
169,curveballhomerun,MattMizzle
170,curveballhomerun,curveballhomerun
171,curveballhomerun,curveballhomerun
172,MattMizzle,curveballhomerun
173,curveballhomerun,MattMizzle
174,curveballhomerun,curveballhomerun
175,netboss,froggie5ohhhhh
176,froggie5ohhhhh,netboss
177,nennx06,froggie5ohhhhh
178,froggie5ohhhhh,nennx06
179,namewink,froggie5ohhhhh
180,froggie5ohhhhh,namewink
181,froggie5ohhhhh,dbvirago
182,froggie5ohhhhh,OdysseasChloridis
183,froggie5ohhhhh,usamaejazch
184,_lucid_dreamer_,froggie5ohhhhh
185,froggie5ohhhhh,_lucid_dreamer_
186,froggie5ohhhhh,kathynbmsinc
187,froggie5ohhhhh,CharlieSunstone
188,froggie5ohhhhh,Kinja97
189,froggie5ohhhhh,jack__martin
190,froggie5ohhhhh,JKiesewetterPhotos
191,froggie5ohhhhh,froggie5ohhhhh
192,froggie5ohhhhh,froggie5ohhhhh
193,froggie5ohhhhh,froggie5ohhhhh
194,froggie5ohhhhh,froggie5ohhhhh
195,SebastianJuhola,AutoModerator
196,johnmflores,SebastianJuhola
197,SebastianJuhola,johnmflores
198,instantzach,SebastianJuhola
199,SebastianJuhola,instantzach
200,SebastianJuhola,navdeep-soni
201,SebastianJuhola,thedorkening
202,toxicapps,SebastianJuhola
203,toxicapps,thedorkening
204,SebastianJuhola,toxicapps
205,SebastianJuhola,EuphoricCardiologist
206,SebastianJuhola,ungurash
207,SebastianJuhola,mofuckahjones
208,SebastianJuhola,SebastianJuhola
209,SebastianJuhola,SebastianJuhola
210,SebastianJuhola,chazthetic
211,SebastianJuhola,TacoPenisMan
212,SebastianJuhola,Yestaip
213,SebastianJuhola,SebastianJuhola
214,SebastianJuhola,thedorkening
215,SebastianJuhola,SebastianJuhola
216,SebastianJuhola,Yestaip
217,SebastianJuhola,thedorkening
218,lazymentors,AutoModerator
219,lazymentors,Nose_Grindstoned
220,alberto521,Dry_Emphasis263
221,lazymentors,alberto521
222,ra13,lemonspread_
223,lemonspread_,ra13
224,lemonspread_,lemonspread_
225,lazymentors,lemonspread_
226,lazymentors,Godzira-r32
227,lazymentors,Darkpony1
228,mistysunla,finetobacconyc
229,mistysunla,stratawild
230,lazymentors,mistysunla
231,kamenwati_i,djnooz
232,lazymentors,kamenwati_i
233,lazymentors,bandofight
234,lazymentors,mr_sirduh
235,lazymentors,Dry_Emphasis263
236,ra13,lemonspread_
237,lazymentors,ra13
238,lazymentors,finetobacconyc
239,lazymentors,stratawild
240,lazymentors,djnooz
241,lazymentors,lemonspread_
242,daylily,DedicatedSloth
243,DedicatedSloth,daylily
244,DedicatedSloth,Crotalus
245,DedicatedSloth,thekissingpost
246,DedicatedSloth,skorletun
247,DedicatedSloth,CondorPerplex
248,DedicatedSloth,SgGradSister
249,DedicatedSloth,itsacalamity
250,itsacalamity,DedicatedSloth
251,itsacalamity,itsacalamity
252,DedicatedSloth,itsacalamity
253,DianaTheMighty,DianaTheMighty
254,DedicatedSloth,DianaTheMighty
255,DedicatedSloth,abdias_6969
256,DedicatedSloth,GeorgieBoyTheMonkey
257,DedicatedSloth,chin0_1950
258,DedicatedSloth,ChurchofKanye
259,DedicatedSloth,Bo_bbyVilla72
260,DedicatedSloth,AVonDingus
261,DedicatedSloth,DedicatedSloth
262,DedicatedSloth,itsacalamity
263,DedicatedSloth,DedicatedSloth
264,DedicatedSloth,DianaTheMighty
265,DedicatedSloth,itsacalamity
266,TheMacMan,kev2929
267,cuteman,TheMacMan
268,TheMacMan,cuteman
269,TheMacMan,TheMacMan
270,hinba,TheMacMan
271,stomp_right_now,cuteman
272,baron_vladimir,stomp_right_now
273,baron_vladimir,cuteman
274,hinba,baron_vladimir
275,hinba,ilikelotsathings
276,tmag14,sedalem
277,sedalem,tmag14
278,sedalem,sedalem
279,hinba,sedalem
280,hinba,FoChouteau
281,hinba,35000hp
282,hinba,kev2929
283,cuteman,TheMacMan
284,hinba,cuteman
285,stomp_right_now,cuteman
286,hinba,stomp_right_now
287,tmag14,sedalem
288,hinba,tmag14
289,TheMacMan,MshellW68
290,TheMacMan,TheMacMan
291,TheMacMan,MshellW68
292,hinba,TheMacMan
293,hinba,TheMacMan
294,hinba,cuteman
295,hinba,sedalem
296,TheMacMan,MshellW68
297,hinba,TheMacMan
298,hinba,MshellW68
299,QuantumQuill12,AutoModerator
300,QuantumQuill12,Accomplished-Set-463
301,undertheskin_,QuantumQuill12
302,undertheskin_,Accomplished-Set-463
303,QuantumQuill12,undertheskin_
304,QuantumQuill12,LeChief
305,QuantumQuill12,kingjame888
306,QuantumQuill12,Square-Pear-1273
307,QuantumQuill12,doryphorus99
308,Next-Gur7439,QuantumQuill12
309,Next-Gur7439,doryphorus99
310,QuantumQuill12,Next-Gur7439
311,Accomplished-Set-463,lanylover
312,QuantumQuill12,Accomplished-Set-463
313,QuantumQuill12,lanylover
314,dtwatts,QuantumQuill12
315,Accomplished-Set-463,lanylover
316,dtwatts,Accomplished-Set-463
317,dtwatts,lanylover
318,QuantumQuill12,dtwatts
319,napkween,IllElderberry7957
320,IllElderberry7957,napkween
321,IllElderberry7957,IllElderberry7957
322,napkween,IllElderberry7957
323,napkween,IllElderberry7957
324,napkween,napkween
325,napkween,IllElderberry7957
326,QuantumQuill12,napkween
327,QuantumQuill12,remsbk
328,QuantumQuill12,57LateralRaise
329,QuantumQuill12,Accomplished-Set-463
330,QuantumQuill12,QuantumQuill12
331,QuantumQuill12,doryphorus99
332,QuantumQuill12,QuantumQuill12
333,Accomplished-Set-463,lanylover
334,QuantumQuill12,Accomplished-Set-463
335,QuantumQuill12,lanylover
336,QuantumQuill12,QuantumQuill12
337,napkween,IllElderberry7957
338,IllElderberry7957,napkween
339,IllElderberry7957,IllElderberry7957
340,QuantumQuill12,IllElderberry7957
341,QuantumQuill12,Accomplished-Set-463
342,QuantumQuill12,doryphorus99
343,Accomplished-Set-463,lanylover
344,QuantumQuill12,Accomplished-Set-463
345,napkween,IllElderberry7957
346,QuantumQuill12,napkween
347,QuantumQuill12,lanylover
348,QuantumQuill12,IllElderberry7957
349,zshakked,tmart016
350,tmart016,zshakked
351,tmart016,tmart016
352,zshakked,tmart016
353,fahdsyed,zshakked
354,zshakked,fahdsyed
355,zshakked,Ok-Essay5202
356,zshakked,lordkin
357,zshakked,Raschmann
358,zshakked,Uesugi_Kenshin
359,zshakked,tmart016
360,zshakked,zshakked
361,zshakked,zshakked
362,zshakked,tmart016
373,lazymentors,AutoModerator
374,lazymentors,Redditorbuttercup
375,lazymentors,wegetleads4u
376,lazymentors,Ill_Smoke_4166
377,lazymentors,lajminho
378,lazymentors,frostbyte189
379,lazymentors,kneedrag32
380,lazymentors,catdaddy8686
381,crazy4figs,Substantial-Cry-3678
382,lazymentors,crazy4figs
383,lazymentors,shannaldk
384,lazymentors,Gimme_dat_TEAsis0900
385,lazymentors,Booziebunzz
386,lazymentors,GeoPits
387,GeoPits,lazymentors
388,GeoPits,GeoPits
389,lazymentors,GeoPits
390,lazymentors,Substantial-Cry-3678
391,lazymentors,GeoPits
392,lazymentors,lazymentors
393,lazymentors,GeoPits
394,Killzooski,AutoModerator
395,Killzooski,SenorNickPapagiorgio
396,papercranium,SWatersmith
397,Killzooski,papercranium
398,Killzooski,bubblesarec00l
399,Killzooski,senorbuzz
400,hashtagbitch,Newtonz5thLaw
401,Killzooski,hashtagbitch
402,evildeadxsp,yikesafm8
403,jaybestnz,evildeadxsp
404,jaybestnz,yikesafm8
405,Killzooski,jaybestnz
406,Killzooski,welovecontent
407,Killzooski,WestroGothia
408,Killzooski,GoodGoddamnGrief
409,Killzooski,omgwtflols
410,Killzooski,ArtisZ
411,Killzooski,SWatersmith
412,Killzooski,Newtonz5thLaw
413,Killzooski,puddletownLou
414,evildeadxsp,yikesafm8
415,Killzooski,evildeadxsp
416,Killzooski,yikesafm8
417,ArdrianEmily,JamesSmartIII
418,bigblobyes,ArdrianEmily
419,ArdrianEmily,bigblobyes
420,ArdrianEmily,Despe_
421,ArdrianEmily,TotesMessenger
422,pabloesco6969,MadR__
423,ArdrianEmily,pabloesco6969
424,ArdrianEmily,MadR__
425,ArdrianEmily,ArdrianEmily
426,ArdrianEmily,bestmaleperformance
427,ArdrianEmily,ArdrianEmily
428,pabloesco6969,MadR__
429,ArdrianEmily,pabloesco6969
430,ArdrianEmily,MadR__
431,ZachPaj,IntelliDev
432,socialgameplan,very_nice_how_much
433,very_nice_how_much,socialgameplan
434,very_nice_how_much,devolute
435,very_nice_how_much,very_nice_how_much
436,ZachPaj,very_nice_how_much
437,BitcoinMafia,inlinestyle
438,BitcoinMafia,deadfire55
439,ZachPaj,BitcoinMafia
440,ZachPaj,ZachPaj
441,ZachPaj,spinalmemes
442,ZachPaj,thatguy2366
443,ZachPaj,MizMo34
444,BrianPurkiss,Stig2011
445,ZachPaj,BrianPurkiss
446,ZachPaj,edenrocks
447,ZachPaj,TheDoerCo
448,ZachPaj,Oeyesee
449,ZachPaj,ashtonaddison
450,socialgameplan,very_nice_how_much
451,ZachPaj,socialgameplan
452,ZachPaj,devolute
453,ZachPaj,inlinestyle
454,ZachPaj,deadfire55
455,ZachPaj,Stig2011
456,ZachPaj,very_nice_how_much
457,lazymentors,AutoModerator
458,Zhjacko,morgankung
459,morgankung,Zhjacko
460,morgankung,morgankung
461,Zhjacko,morgankung
462,Zhjacko,morgankung
463,Zhjacko,Zhjacko
464,Zhjacko,morgankung
465,lazymentors,Zhjacko
466,lazymentors,Archkendor
467,lazymentors,Kozmania_Gaming
468,Kozmania_Gaming,lazymentors
469,Kozmania_Gaming,Kozmania_Gaming
470,lazymentors,Kozmania_Gaming
471,lazymentors,Kozmania_Gaming
472,lazymentors,lazymentors
473,lazymentors,Kozmania_Gaming
474,Kozmania_Gaming,lazymentors
475,Kozmania_Gaming,skelland
476,lazymentors,Kozmania_Gaming
477,Kozmania_Gaming,lazymentors
478,Kozmania_Gaming,Kozmania_Gaming
479,Kozmania_Gaming,Kozmania_Gaming
480,lazymentors,Kozmania_Gaming
481,Kozmania_Gaming,lazymentors
482,Kozmania_Gaming,Kozmania_Gaming
483,lazymentors,Kozmania_Gaming
484,lazymentors,Sin0fSloth
485,lazymentors,mashmuhammadi
486,lazymentors,morgankung
487,Zhjacko,morgankung
488,morgankung,Zhjacko
489,morgankung,morgankung
490,lazymentors,morgankung
491,lazymentors,Kozmania_Gaming
492,Kozmania_Gaming,lazymentors
493,Kozmania_Gaming,Kozmania_Gaming
494,lazymentors,Kozmania_Gaming
495,lazymentors,Kozmania_Gaming
496,lazymentors,lazymentors
497,lazymentors,Kozmania_Gaming
498,lazymentors,lazymentors
499,lazymentors,skelland
500,Zhjacko,morgankung
501,lazymentors,Zhjacko
502,lazymentors,Kozmania_Gaming
503,Kozmania_Gaming,lazymentors
504,Kozmania_Gaming,Kozmania_Gaming
505,lazymentors,Kozmania_Gaming
506,lazymentors,morgankung
507,lazymentors,Kozmania_Gaming
508,lazymentors,lazymentors
509,lazymentors,Kozmania_Gaming
510,JonODonovan,JonODonovan
511,CoronaDairies,JonODonovan
512,JonODonovan,CoronaDairies
513,JonODonovan,JonODonovan
514,CoronaDairies,JonODonovan
515,CoronaDairies,JonODonovan
516,CoronaDairies,CoronaDairies
517,CoronaDairies,JonODonovan
518,JonODonovan,CoronaDairies
519,JonODonovan,viaregis
520,CoronaDairies,JonODonovan
521,JonODonovan,CoronaDairies
522,JonODonovan,JonODonovan
523,JonODonovan,JonODonovan
524,CoronaDairies,JonODonovan
525,JonODonovan,CoronaDairies
526,JonODonovan,JonODonovan
527,Kris_Luc,AutoModerator
528,BillianForsee94,Kris_Luc
529,Kris_Luc,BillianForsee94
530,Strokesite,TheMacMan
531,lianehunter,Strokesite
532,lianehunter,TheMacMan
533,jawanda,lianehunter
534,Strokesite,TheMacMan
535,jawanda,Strokesite
536,jawanda,TheMacMan
537,Kris_Luc,jawanda
538,Kris_Luc,MrPureinstinct
539,ThatGuy21134,Redshirt2386
540,Kris_Luc,ThatGuy21134
541,Kris_Luc,frhnhq
542,Kris_Luc,miko_top_bloke
543,Kris_Luc,miguelcncp
544,Kris_Luc,lonelycranberry
545,Kris_Luc,fieldofcorgis
546,Kris_Luc,ZookeepergameNo2198
547,Captain_Excellence,Peace-and-Pistons
548,Kris_Luc,Captain_Excellence
549,Kris_Luc,Kris_Luc
550,Strokesite,TheMacMan
551,lianehunter,Strokesite
552,lianehunter,TheMacMan
553,Kris_Luc,lianehunter
554,Kris_Luc,Redshirt2386
555,Kris_Luc,Peace-and-Pistons
556,Strokesite,TheMacMan
557,Kris_Luc,Strokesite
558,Kris_Luc,TheMacMan
559,Anicetix,maxthescribbler
560,Anicetix,aryasharma36
561,Anicetix,MiamiHeatAllDay
562,maxthescribbler,Anicetix
563,maxthescribbler,extrache
564,maxthescribbler,calligraphic-io
565,bipolar1990,maxthescribbler
566,maxthescribbler,bipolar1990
567,maxthescribbler,aryasharma36
568,aPanini117,maxthescribbler
569,maxthescribbler,aPanini117
570,maxthescribbler,got_moxie_
571,maxthescribbler,mili_m3011
572,JaymieZ,maxthescribbler
573,maxthescribbler,JaymieZ
574,maxthescribbler,adilbtw
575,maxthescribbler,oddmundane
576,maxthescribbler,maxthescribbler
577,maxthescribbler,aryasharma36
578,maxthescribbler,MiamiHeatAllDay
579,maxthescribbler,maxthescribbler
580,maxthescribbler,maxthescribbler
581,maxthescribbler,maxthescribbler
582,Britney_Spearzz,FucksGivenEquals0
583,FucksGivenEquals0,Britney_Spearzz
584,FucksGivenEquals0,FucksGivenEquals0
585,FucksGivenEquals0,FucksGivenEquals0
586,FucksGivenEquals0,FucksGivenEquals0
587,FucksGivenEquals0,FucksGivenEquals0
588,MassimoOsti,FucksGivenEquals0
589,danielbearh,alexismdavis
590,danielbearh,BBQRob
591,socialgameplan,socialgameplan
592,danielbearh,socialgameplan
593,danielbearh,socialgameplan
594,MassimoOsti,danielbearh
595,lordkin,MassimoOsti
596,MassimoOsti,lordkin
597,MassimoOsti,Bondage-Robot
598,MassimoOsti,Britney_Spearzz
599,MassimoOsti,Austiniuliano
600,MassimoOsti,ScofieldM
601,Britney_Spearzz,FucksGivenEquals0
602,MassimoOsti,Britney_Spearzz
603,MassimoOsti,alexismdavis
604,MassimoOsti,BBQRob
605,socialgameplan,socialgameplan
606,MassimoOsti,socialgameplan
607,MassimoOsti,MassimoOsti
608,MassimoOsti,FucksGivenEquals0
609,FucksGivenEquals0,FucksGivenEquals0
610,MassimoOsti,FucksGivenEquals0
611,MassimoOsti,socialgameplan
612,MassimoOsti,FucksGivenEquals0
613,lilitbroyan,NastyGuyFromCanada
614,lilitbroyan,OnionSugarfree
615,TenDeadGoats,lilitbroyan
616,Instavast,NastyGuyFromCanada
617,TenDeadGoats,Instavast
618,penguin_for_tea,kimber_lina
619,TenDeadGoats,penguin_for_tea
620,leprakhauns,Instavast
621,leprakhauns,Starburstnova
622,TenDeadGoats,leprakhauns
623,TenDeadGoats,The_Forgotten_King
624,TenDeadGoats,xdatachildx
625,TenDeadGoats,TotesMessenger
626,TenDeadGoats,NastyGuyFromCanada
627,TenDeadGoats,OnionSugarfree
628,TenDeadGoats,NastyGuyFromCanada
629,TenDeadGoats,kimber_lina
630,TenDeadGoats,Instavast
631,TenDeadGoats,Starburstnova
633,ElGrandePeacock,LadySiren
634,H8NforS8N,ElGrandePeacock
635,thewintermood,H8NforS8N
636,H8NforS8N,thewintermood
637,H8NforS8N,LadySiren
638,H8NforS8N,H8NforS8N
640,RenegadeNailcraft,darkodiva
642,joinklero,Lisapatb
643,joinklero,WheelieGoodTime
648,ElGrandePeacock,LadySiren
650,thewintermood,H8NforS8N
658,zshakked,DJAXCESS
659,zshakked,AVWA
660,Pablo_Eskobar,InterplanetaryTanner
661,InterplanetaryTanner,Pablo_Eskobar
662,InterplanetaryTanner,InterplanetaryTanner
663,zshakked,InterplanetaryTanner
664,sixtrapp,zshakked
665,zshakked,sixtrapp
666,zshakked,benjaminfp
667,zshakked,zshakked
668,polyrhythmatic,zshakked
669,polyrhythmatic,zshakked
670,zshakked,polyrhythmatic
671,zshakked,graylane
672,paula_belotti,fl0ppyfish
673,zshakked,paula_belotti
674,zshakked,demirb
675,zshakked,JonODonovan
676,zshakked,JimboKennedy
677,zshakked,minusthelela
678,zshakked,maxusnails
679,Pablo_Eskobar,InterplanetaryTanner
680,zshakked,Pablo_Eskobar
681,zshakked,zshakked
682,zshakked,zshakked
683,zshakked,zshakked
684,zshakked,fl0ppyfish
685,zshakked,InterplanetaryTanner
686,zshakked,zshakked
687,Professor_FancyPants,Brewtal66
688,Rugby_Riot,Professor_FancyPants
689,Rugby_Riot,phacebook
690,phacebook,Rugby_Riot
691,phacebook,phacebook
692,Rugby_Riot,phacebook
693,Rugby_Riot,phacebook
694,Rugby_Riot,Rugby_Riot
695,Rugby_Riot,phacebook
696,phacebook,Rugby_Riot
697,Rugby_Riot,phacebook
698,phacebook,Rugby_Riot
699,phacebook,phacebook
700,phacebook,phacebook
701,Rugby_Riot,phacebook
702,phacebook,Rugby_Riot
703,phacebook,phacebook
704,Rugby_Riot,phacebook
705,Rugby_Riot,melihs11
706,socialmediamarketer5,Rugby_Riot
707,socialmediamarketer5,melihs11
708,Rugby_Riot,socialmediamarketer5
709,GameofCHAT,ShamanontheMoon
710,GameofCHAT,Rugby_Riot
711,Rugby_Riot,GameofCHAT
712,Rugby_Riot,mcorra59
713,Rugby_Riot,encoredme
714,Rugby_Riot,gavinhudson1
715,Rugby_Riot,rkwalton
716,Rugby_Riot,mb2vb
717,Rugby_Riot,JebBoosh
718,Rugby_Riot,Brewtal66
719,Rugby_Riot,phacebook
720,phacebook,Rugby_Riot
721,phacebook,phacebook
722,Rugby_Riot,phacebook
723,Rugby_Riot,phacebook
724,Rugby_Riot,Rugby_Riot
725,Rugby_Riot,phacebook
726,Rugby_Riot,Rugby_Riot
727,Rugby_Riot,melihs11
728,Rugby_Riot,Rugby_Riot
729,Rugby_Riot,ShamanontheMoon
730,Rugby_Riot,Rugby_Riot
731,Rugby_Riot,phacebook
732,phacebook,Rugby_Riot
733,phacebook,phacebook
734,Rugby_Riot,phacebook
735,Rugby_Riot,melihs11
736,Rugby_Riot,phacebook
737,Rugby_Riot,Rugby_Riot
738,Rugby_Riot,phacebook
739,BennySkateboard,AutoModerator
740,itsDANdeeMAN,PocketOperatorsRule
741,itsDANdeeMAN,radiofreakk
742,BennySkateboard,itsDANdeeMAN
743,BennySkateboard,NayamAmarshe
744,BennySkateboard,sabr_miranda
745,LensifyPhotoSharing,minchypixie
746,LensifyPhotoSharing,JaniceWald
747,BennySkateboard,LensifyPhotoSharing
748,BennySkateboard,creativeburrito
749,BennySkateboard,CrypticUniversalMave
750,KuangPoulp,JaniceWald
751,KuangPoulp,glidingzoe
752,BennySkateboard,KuangPoulp
753,BennySkateboard,evoz61696
754,BennySkateboard,jcwii
755,BennySkateboard,Bigrob7605
756,BennySkateboard,Dry_Frosting8154
757,BennySkateboard,AVLien
758,BennySkateboard,PocketOperatorsRule
759,BennySkateboard,radiofreakk
760,BennySkateboard,minchypixie
761,BennySkateboard,JaniceWald
762,BennySkateboard,JaniceWald
763,BennySkateboard,glidingzoe
764,zecariocaxbox,Cillianbc
765,Chris_Laub,jkozuch
766,jkozuch,Chris_Laub
767,jkozuch,jkozuch
768,Chris_Laub,jkozuch
769,rulesforrebels,zecariocaxbox
770,Chris_Laub,rulesforrebels
771,Chris_Laub,jkozuch
772,Chris_Laub,Chris_Laub
773,Chris_Laub,zecariocaxbox
774,Chris_Laub,jkozuch
775,zecariocaxbox,Chris_Laub
776,yeahhgood,Taktouk
777,zecariocaxbox,yeahhgood
778,zecariocaxbox,ASDFGHJKL_101
779,zecariocaxbox,AnArcher
780,zecariocaxbox,itshappening99
781,zecariocaxbox,TobyCanSuckIt
782,hekatonkhairez,alicehoopz
783,zecariocaxbox,hekatonkhairez
784,zecariocaxbox,emilio8x
785,zecariocaxbox,turnmeuptrack01
786,zecariocaxbox,Sunshineal
787,Chris_Laub,jkozuch
788,jkozuch,Chris_Laub
789,jkozuch,jkozuch
790,zecariocaxbox,jkozuch
791,rulesforrebels,zecariocaxbox
792,zecariocaxbox,rulesforrebels
793,zecariocaxbox,DSPGerm
794,zecariocaxbox,Taktouk
795,zecariocaxbox,alicehoopz
796,Chris_Laub,jkozuch
797,zecariocaxbox,Chris_Laub
798,zecariocaxbox,zecariocaxbox
799,zecariocaxbox,jkozuch
800,zshakked,insignior
801,zshakked,ilikelotsathings
802,zshakked,ventricles
803,zshakked,medicineballislife
804,zshakked,Ludop0lis
805,zshakked,filterfoxguy
806,zshakked,Akke1337
807,EnlightendOne,FabianDR
808,FabianDR,EnlightendOne
809,FabianDR,luckycity
810,FabianDR,FabianDR
811,zshakked,FabianDR
812,EnlightendOne,FabianDR
813,zshakked,EnlightendOne
814,zshakked,luckycity
815,zshakked,FabianDR
816,gf11speed,EvaAllen
817,gf11speed,FridaOnFire
818,gf11speed,cheesecakemelody
819,gf11speed,Austiniuliano
820,JPPT27,bootscut18
821,gf11speed,JPPT27
822,JPPT27,gf11speed
823,gf11speed,JPPT27
824,cheesecakemelody,cheesecakemelody
825,gf11speed,cheesecakemelody
826,gf11speed,NotTeenager
827,gf11speed,bootscut18
828,gf11speed,gf11speed
829,gf11speed,cheesecakemelody
830,Mendokusai,KingMarshall111
831,javiwankenobi,hamellr
832,javiwankenobi,NastyGuyFromCanada
833,hamellr,javiwankenobi
834,hamellr,hamellr
835,hamellr,NastyGuyFromCanada
836,Mendokusai,hamellr
837,Mendokusai,sroomek
838,javiwankenobi,hamellr
839,javiwankenobi,NastyGuyFromCanada
840,Mendokusai,javiwankenobi
841,Mendokusai,hamellr
842,Mendokusai,NastyGuyFromCanada
843,Mendokusai,Mendokusai
844,Mendokusai,gatesong
845,Mendokusai,StartingOver095
846,Mendokusai,CommitteeOfOne
847,Mendokusai,jasramos
848,Mendokusai,efongym
849,Mendokusai,KingMarshall111
850,javiwankenobi,hamellr
851,javiwankenobi,NastyGuyFromCanada
852,hamellr,javiwankenobi
853,hamellr,hamellr
854,hamellr,NastyGuyFromCanada
855,Mendokusai,hamellr
856,Mendokusai,sroomek
857,javiwankenobi,hamellr
858,javiwankenobi,NastyGuyFromCanada
859,Mendokusai,javiwankenobi
860,Mendokusai,hamellr
861,Mendokusai,NastyGuyFromCanada
862,Rob_Fords_2nd_Chin,RedditBizHelper
863,RedditBizHelper,Rob_Fords_2nd_Chin
864,Rob_Fords_2nd_Chin,RedditBizHelper
865,Rob_Fords_2nd_Chin,Rob_Fords_2nd_Chin
866,RedditBizHelper,Rob_Fords_2nd_Chin
867,letterstomika,RedditBizHelper
868,RedditBizHelper,letterstomika
869,CondorPerplex,RedditBizHelper
870,RedditBizHelper,CondorPerplex
871,nachtgestalt13,RedditBizHelper
872,RedditBizHelper,nachtgestalt13
873,DELAYED_GRATFICATION,RedditBizHelper
874,RedditBizHelper,DELAYED_GRATFICATION
875,RedditBizHelper,Nose_Grindstoned
876,Nose_Grindstoned,RedditBizHelper
877,Nose_Grindstoned,Nose_Grindstoned
878,RedditBizHelper,Nose_Grindstoned
879,RedditBizHelper,Ameliapro
880,RedditBizHelper,RaspberryAlmonds
881,RedditBizHelper,ExhiloCo
882,WarpGadgets,RedditBizHelper
883,RedditBizHelper,WarpGadgets
884,RedditBizHelper,RedditBizHelper
885,RedditBizHelper,Rob_Fords_2nd_Chin
886,RedditBizHelper,RedditBizHelper
887,RedditBizHelper,RedditBizHelper
888,RedditBizHelper,RedditBizHelper
889,RedditBizHelper,RedditBizHelper
890,RedditBizHelper,RedditBizHelper
891,RedditBizHelper,Nose_Grindstoned
892,RedditBizHelper,RedditBizHelper
893,RedditBizHelper,RedditBizHelper
894,RedditBizHelper,Rob_Fords_2nd_Chin
895,RedditBizHelper,Nose_Grindstoned
896,EuforijaKg,Storege
897,EuforijaKg,MilesWeb
898,EuforijaKg,couldbemyclone
899,kakojetebra,EuforijaKg
900,EuforijaKg,kakojetebra
901,EuforijaKg,sza_sza_
902,EuforijaKg,tricomp
903,EuforijaKg,JD_Lemky
904,EuforijaKg,EuforijaKg
905,rakaizulu,gummazwaak
906,rakaizulu,shekatnew
907,shekatnew,rakaizulu
908,shekatnew,Britney_Spearzz
909,blackadder99,jestergoblin
910,shekatnew,blackadder99
911,bradatlarge,kapitanski
912,shekatnew,bradatlarge
913,shekatnew,doesntafraid
914,shekatnew,Death_trail
915,shekatnew,_noneyabusiness
916,shekatnew,four321zero
917,shekatnew,Jsanchez92
918,shekatnew,jonkl91
919,jestergoblin,bradatlarge
920,shekatnew,jestergoblin
921,shekatnew,razmig
922,shekatnew,rocket_nick
923,shekatnew,gummazwaak
924,shekatnew,shekatnew
925,shekatnew,jestergoblin
926,shekatnew,kapitanski
927,shekatnew,bradatlarge
928,ADavies,jefftak7
929,jefftak7,ADavies
930,jefftak7,jefftak7
931,ADavies,jefftak7
932,ADavies,jefftak7
933,ADavies,ADavies
934,ADavies,jefftak7
935,razmig,ADavies
936,razmig,YugenDigital
937,Bloch1,razmig
938,razmig,Bloch1
939,razmig,natere2
940,razmig,Montypython2010
941,razmig,boom256
942,JamieF1977,TheMacMan
943,HashtagHashbrowns69,HashtagHashbrowns69
944,HashtagHashbrowns69,JamieF1977
945,JamieF1977,HashtagHashbrowns69
946,JamieF1977,HashtagHashbrowns69
947,JamieF1977,JamieF1977
948,razmig,JamieF1977
949,ADavies,jefftak7
950,jefftak7,ADavies
951,jefftak7,jefftak7
952,razmig,jefftak7
953,razmig,razmig
954,razmig,TheMacMan
955,HashtagHashbrowns69,HashtagHashbrowns69
956,HashtagHashbrowns69,JamieF1977
957,razmig,HashtagHashbrowns69
958,razmig,rasta41
959,ADavies,jefftak7
960,razmig,ADavies
961,razmig,HashtagHashbrowns69
962,razmig,jefftak7
963,razmig,JamieF1977
964,lazymentors,AutoModerator
965,lazymentors,DontBeMeanToRobots
966,lazymentors,lazymentors
967,devonthed00d,lazymentors
968,devonthed00d,Seundim
969,devonthed00d,lazymentors
970,lazymentors,devonthed00d
971,lazymentors,ra13
972,ra13,lazymentors
973,ra13,ra13
974,lazymentors,ra13
975,mswehli,lazymentors
976,lazymentors,mswehli
977,lazymentors,screentoym
978,lazymentors,FwdFlower
979,lazymentors,Zorika94
980,lazymentors,HyruleCat420
981,lazymentors,zarafox
982,lazymentors,Affectionate-Card192
983,lazymentors,PLVNET_B
984,lazymentors,lazymentors
985,lazymentors,lazymentors
986,lazymentors,Seundim
987,lazymentors,ra13
988,lazymentors,lazymentors
989,lazymentors,lazymentors
990,lazymentors,ra13
991,lazymentors,lazymentors
992,Competitive_Egg4757,AutoModerator
993,LadySiren,Competitive_Egg4757
994,LadySiren,woodenbowls
995,Competitive_Egg4757,LadySiren
996,Fireball_H,Competitive_Egg4757
997,Competitive_Egg4757,Fireball_H
998,Competitive_Egg4757,convertingcreative
999,Competitive_Egg4757,pricklyPaper
1000,Competitive_Egg4757,yummmmmmmmmm
1001,Competitive_Egg4757,ABeld96
1002,ioanamm,Full_Temperature_179
1003,Competitive_Egg4757,ioanamm
1004,Competitive_Egg4757,summerseasonsalt
1005,Competitive_Egg4757,Largmarj
1006,Competitive_Egg4757,Feeling_Outcome5389
1007,Competitive_Egg4757,Milwacky
1008,Competitive_Egg4757,pueblopub
1009,Competitive_Egg4757,PsydeFX1
1010,Competitive_Egg4757,HoneyBeeBridget
1011,Competitive_Egg4757,Competitive_Egg4757
1012,Competitive_Egg4757,woodenbowls
1013,Competitive_Egg4757,Competitive_Egg4757
1014,Competitive_Egg4757,Full_Temperature_179
1015,Rhythm-and-Branding,Rhythm-and-Branding
1016,intheaterssoon,Rhythm-and-Branding
1017,intheaterssoon,troubleshootsback
1018,CondorPerplex,Tcon832
1019,intheaterssoon,CondorPerplex
1020,intheaterssoon,KyleMcMahon
1021,the_timps,intheaterssoon
1022,the_timps,KyleMcMahon
1023,intheaterssoon,the_timps
1024,intheaterssoon,gmoneylivefresh
1025,intheaterssoon,Direct_World_5780
1026,intheaterssoon,OliviaPerry234
1027,intheaterssoon,IndependentJello5342
1028,TheMacMan,subcrtical
1029,intheaterssoon,TheMacMan
1030,intheaterssoon,kaybee1012
1031,intheaterssoon,Glicoe
1032,intheaterssoon,nutellagangbang
1033,intheaterssoon,Tcon832
1034,intheaterssoon,KyleMcMahon
1035,intheaterssoon,intheaterssoon
1036,intheaterssoon,subcrtical
1037,intheaterssoon,Rhythm-and-Branding
1038,intheaterssoon,KyleMcMahon
1039,climbonapply24head,AutoModerator
1040,climbonapply24head,BeaglesandBabes
1041,john829279,climbonapply24head
1042,climbonapply24head,john829279
1043,climbonapply24head,_HMCB_
1044,Foxy223344,balulabird
1045,Foxy223344,PokerPukka
1046,climbonapply24head,Foxy223344
1047,emilio8x,njtrafficsignshopper
1048,climbonapply24head,emilio8x
1049,climbonapply24head,faisalhassanx
1050,climbonapply24head,Bukki13
1051,random39642899,wowsuchcookie
1052,LennieMuller,random39642899
1053,LennieMuller,wowsuchcookie
1054,climbonapply24head,LennieMuller
1055,climbonapply24head,brokegh0st
1056,climbonapply24head,climbonapply24head
1057,climbonapply24head,balulabird
1058,climbonapply24head,PokerPukka
1059,climbonapply24head,njtrafficsignshopper
1060,random39642899,wowsuchcookie
1061,climbonapply24head,random39642899
1062,climbonapply24head,wowsuchcookie
1063,deb_ellen,mycat_hatesyou
1064,joeyoungblood,deb_ellen
1065,joeyoungblood,mycat_hatesyou
1066,deb_ellen,joeyoungblood
1067,deb_ellen,mycat_hatesyou
1068,deb_ellen,deb_ellen
1069,deb_ellen,mycat_hatesyou
1070,joeyoungblood,deb_ellen
1071,joeyoungblood,skibunne
1072,joeyoungblood,Sahil_From_The_Bay
1073,joeyoungblood,tomascardenas
1074,joeyoungblood,Griff2wenty3
1075,joeyoungblood,anildehariya
1076,joeyoungblood,acidmnky
1077,joeyoungblood,MassimoOsti
1078,joeyoungblood,tinazafeiri
1079,joeyoungblood,MrJamesMcmanus
1080,joeyoungblood,wearepanteon
1081,joeyoungblood,Writer__418
1082,WeWereInfinite,joeyoungblood
1083,joeyoungblood,WeWereInfinite
1084,deb_ellen,mycat_hatesyou
1085,joeyoungblood,deb_ellen
1086,joeyoungblood,mycat_hatesyou
1087,joeyoungblood,joeyoungblood
1088,joeyoungblood,badzachlv01
1089,joeyoungblood,joeyoungblood
1090,deb_ellen,mycat_hatesyou
1091,joeyoungblood,deb_ellen
1092,joeyoungblood,mycat_hatesyou
1093,lazymentors,AutoModerator
1094,lazymentors,mickou
1095,Illoyonex,buddys-mom
1096,Galaxy999,Illoyonex
1097,Galaxy999,buddys-mom
1098,lazymentors,Galaxy999
1099,lazymentors,flarpypudding
1100,lazymentors,zlgatt
1101,lazymentors,carroticer
1102,lazymentors,TsuguriAlkar
1103,rednishat,lazymentors
1104,rednishat,TsuguriAlkar
1105,lazymentors,rednishat
1106,lazymentors,mcgaleti
1107,lazymentors,everysundae
1108,lazymentors,HeSnoresIReddit
1109,lazymentors,J-Left
1110,lazymentors,Unable-to-Escape
1111,lazymentors,amadeosmm
1112,lazymentors,Nataliiashtangrat
1113,Illoyonex,buddys-mom
1114,lazymentors,Illoyonex
1115,lazymentors,TsuguriAlkar
1116,lazymentors,lazymentors
1117,lazymentors,buddys-mom
1118,lazymentors,TsuguriAlkar
1119,roscoepain,AutoModerator
1120,FairYard6904,jz3735
1121,roscoepain,FairYard6904
1122,roscoepain,ColombianNova
1123,ColombianNova,roscoepain
1124,ColombianNova,ColombianNova
1125,roscoepain,ColombianNova
1126,roscoepain,ColombianNova
1127,roscoepain,roscoepain
1128,roscoepain,ColombianNova
1129,ColombianNova,roscoepain
1130,roscoepain,ColombianNova
1131,ColombianNova,roscoepain
1132,ColombianNova,ColombianNova
1133,ColombianNova,ColombianNova
1134,roscoepain,ColombianNova
1135,ColombianNova,roscoepain
1136,ColombianNova,ColombianNova
1137,roscoepain,ColombianNova
1138,HimmiGendrix,roscoepain
1139,Lisapatb,HimmiGendrix
1140,HimmiGendrix,Lisapatb
1141,HimmiGendrix,HimmiGendrix
1142,roscoepain,HimmiGendrix
1143,roscoepain,satchelskittles
1144,roscoepain,vegashotgrandma
1145,roscoepain,chavothemotto
1146,roscoepain,slaaneshi_cutie
1147,roscoepain,mmr_thoughts
1148,roscoepain,SAT0725
1149,roscoepain,reddit-cc
1150,roscoepain,cherrycarnage
1151,roscoepain,jz3735
1152,roscoepain,ColombianNova
1153,ColombianNova,roscoepain
1154,ColombianNova,ColombianNova
1155,roscoepain,ColombianNova
1156,roscoepain,ColombianNova
1157,roscoepain,roscoepain
1158,roscoepain,ColombianNova
1159,roscoepain,roscoepain
1160,roscoepain,roscoepain
1161,Lisapatb,HimmiGendrix
1162,roscoepain,Lisapatb
1163,roscoepain,ColombianNova
1164,ColombianNova,roscoepain
1165,ColombianNova,ColombianNova
1166,roscoepain,ColombianNova
1167,roscoepain,HimmiGendrix
1168,roscoepain,ColombianNova
1169,roscoepain,roscoepain
1170,roscoepain,ColombianNova
1171,m202a1,suitzup
1172,suitzup,m202a1
1173,deegreene,deegreene
1174,deegreene,deegreene
1175,deegreene,deegreene
1176,deegreene,deegreene
1177,deegreene,deegreene
1178,deegreene,deegreene
1179,deegreene,deegreene
1180,deegreene,deegreene
1181,deegreene,deegreene
1182,suitzup,deegreene
1183,CarlHand58,suitzup
1184,suitzup,CarlHand58
1185,suitzup,master156111
1186,suitzup,wantepreneurtoday
1187,suitzup,tiffixies
1188,suitzup,starvard11
1189,suitzup,pishihod
1190,suitzup,DarcizzleOffshore
1191,suitzup,JiJiLaVolpe
1192,suitzup,Webborwebbor
1193,suitzup,suitzup
1194,suitzup,suitzup
1195,deegreene,deegreene
1196,deegreene,deegreene
1197,deegreene,deegreene
1198,deegreene,deegreene
1199,suitzup,deegreene
1200,deegreene,deegreene
1201,suitzup,deegreene
1202,suitzup,deegreene
1203,suitzup,deegreene
1204,atiqi36,benjaminspowell
1205,kr100,atiqi36
1206,kr100,heydevo
1207,atiqi36,kr100
1208,atiqi36,nicgk
1209,atiqi36,GameofCHAT
1210,atiqi36,burrrpong
1211,magicfab,atiqi36
1212,atiqi36,magicfab
1213,atiqi36,mktgmatters
1214,crazeecatladee,atiqi36
1215,atiqi36,crazeecatladee
1216,atiqi36,tinikan
1217,atiqi36,socialrealitee
1218,atiqi36,twp081321
1219,atiqi36,atiqi36
1220,atiqi36,atiqi36
1221,atiqi36,atiqi36
1222,atiqi36,atiqi36
1223,atiqi36,heydevo
1224,ZoliroAstro,AutoModerator
1225,ZoliroAstro,LiterateJosh
1226,Tsundoku_tt,jychung0709
1227,Tsundoku_tt,HimmiGendrix
1228,HimmiGendrix,Tsundoku_tt
1229,HimmiGendrix,jychung0709
1230,HimmiGendrix,HimmiGendrix
1231,Tsundoku_tt,HimmiGendrix
1232,Tsundoku_tt,ZoliroAstro
1233,Tsundoku_tt,mariacapelli
1234,Tsundoku_tt,jychung0709
1235,Tsundoku_tt,HimmiGendrix
1236,Tsundoku_tt,Tsundoku_tt
1237,Tsundoku_tt,jychung0709
1238,Tsundoku_tt,HimmiGendrix
1239,ZoliroAstro,Tsundoku_tt
1240,ZoliroAstro,AmorUmor
1241,ZoliroAstro,HimmiGendrix
1242,jiangrm,ZoliroAstro
1243,ZoliroAstro,jiangrm
1244,ZoliroAstro,LovelyBubbles1
1245,ZoliroAstro,Constant_Diamond_166
1246,Tsundoku_tt,jychung0709
1247,Tsundoku_tt,HimmiGendrix
1248,HimmiGendrix,Tsundoku_tt
1249,HimmiGendrix,jychung0709
1250,HimmiGendrix,HimmiGendrix
1251,ZoliroAstro,HimmiGendrix
1252,ZoliroAstro,ZoliroAstro
1253,ZoliroAstro,mariacapelli
1254,ZoliroAstro,ZoliroAstro
1255,Tsundoku_tt,jychung0709
1256,Tsundoku_tt,HimmiGendrix
1257,ZoliroAstro,Tsundoku_tt
1258,ZoliroAstro,jychung0709
1259,ZoliroAstro,HimmiGendrix
1260,lazymentors,AutoModerator
1261,lazymentors,Mindsetsandreps
1262,lazymentors,shannaldk
1263,lazymentors,GeneticNerds
1264,sirius_moonlight,lazymentors
1265,sirius_moonlight,GeneticNerds
1266,lazymentors,sirius_moonlight
1267,lazymentors,MissMerriLeeMoore
1268,lazymentors,anonmakeupq
1269,lazymentors,Scentsuelle
1270,lazymentors,GeneticNerds
1271,lazymentors,lazymentors
1272,lazymentors,GeneticNerds
1273,idontwanttogocamping,Ryphor
1274,Mralejandrosilva,idontwanttogocamping
1275,Mralejandrosilva,Ryphor
1276,fatshogun,Mralejandrosilva
1277,fatshogun,fatshogun
1278,idontwanttogocamping,Ryphor
1279,fatshogun,idontwanttogocamping
1280,fatshogun,Ryphor
1281,talitarhein,fatshogun
1282,gutterandstars,iHasABaseball
1283,talitarhein,gutterandstars
1284,YouTubeJorge,projectremains
1285,talitarhein,YouTubeJorge
1286,talitarhein,rulesforrebels
1287,talitarhein,Dandroid009
1288,talitarhein,DisruptionTrend
1289,talitarhein,freethenipple23
1290,talitarhein,FullScale4Me
1291,talitarhein,ZixxCrypto
1292,DanielYankee710,tking5o
1293,talitarhein,DanielYankee710
1294,talitarhein,iHasABaseball
1295,talitarhein,projectremains
1296,talitarhein,tking5o
1297,idontwanttogocamping,Ryphor
1298,Mralejandrosilva,idontwanttogocamping
1299,Mralejandrosilva,Ryphor
1300,talitarhein,Mralejandrosilva
1301,talitarhein,fatshogun
1302,idontwanttogocamping,Ryphor
1303,talitarhein,idontwanttogocamping
1304,talitarhein,Ryphor
1305,Kabinetapp,AutoModerator
1306,TheTombQueen,Kabinetapp
1307,Kabinetapp,TheTombQueen
1308,Kabinetapp,meganbyte0
1309,Kabinetapp,justforthefridge
1310,Kabinetapp,jsinkwitz
1311,Kabinetapp,Cakelord
1312,Kabinetapp,TheMacMan
1313,Kabinetapp,convertingcreative
1314,Kabinetapp,logocracycopy
1315,Kabinetapp,bigwavegod
1316,Kabinetapp,Laffin_Hyena
1317,Kabinetapp,alberta695
1318,Kabinetapp,Kabinetapp
1319,jestergoblin,greekhop
1320,Kabinetapp,jestergoblin
1321,jestergoblin,Kabinetapp
1322,jestergoblin,jestergoblin
1323,Kabinetapp,jestergoblin
1324,Kabinetapp,Thami15
1325,Kabinetapp,greekhop
1326,Kabinetapp,jestergoblin
1327,Kabinetapp,Kabinetapp
1328,Kabinetapp,jestergoblin
1329,freelanceispoverty,Undiscriminatingness
1330,freelanceispoverty,anondxb
1331,froggie5ohhhhh,freelanceispoverty
1332,froggie5ohhhhh,rocket_nick
1333,froggie5ohhhhh,staysinthecar
1334,froggie5ohhhhh,VoiceofVera
1335,froggie5ohhhhh,edison_joao
1336,ria____,ADavies
1337,froggie5ohhhhh,ria____
1338,froggie5ohhhhh,nukedunderclothes
1339,MadMagdasTarot,MadMagdasTarot
1340,froggie5ohhhhh,MadMagdasTarot
1341,froggie5ohhhhh,ImStillaPrick
1342,froggie5ohhhhh,Undiscriminatingness
1343,froggie5ohhhhh,anondxb
1344,froggie5ohhhhh,freelanceispoverty
1345,froggie5ohhhhh,ADavies
1346,froggie5ohhhhh,MadMagdasTarot
1347,CheetahsNeverProsper,Yolofreelance
1348,Yolofreelance,CheetahsNeverProsper
1349,TheMacMan,JoseFernandes
1350,TheMacMan,Yolofreelance
1351,Yolofreelance,TheMacMan
1352,uiarago,Yolofreelance
1353,Yolofreelance,uiarago
1354,Yolofreelance,ericb0
1355,Paul_BlueChief,Yolofreelance
1356,Yolofreelance,Paul_BlueChief
1357,JoJokerer,Yolofreelance
1358,Yolofreelance,JoJokerer
1359,apex_editor,Yolofreelance
1360,Yolofreelance,apex_editor
1361,megmralph,Yolofreelance
1362,Yolofreelance,megmralph
1363,Yolofreelance,Yolofreelance
1364,Yolofreelance,JoseFernandes
1365,Yolofreelance,Yolofreelance
1366,Yolofreelance,Yolofreelance
1367,Yolofreelance,Yolofreelance
1368,Yolofreelance,Yolofreelance
1369,Yolofreelance,Yolofreelance
1370,Yolofreelance,Yolofreelance
1371,nesben,instawithalex
1372,instawithalex,nesben
1373,original_sheep,instawithalex
1374,instawithalex,original_sheep
1375,instawithalex,Nonq
1376,Plastic_sporkz,instawithalex
1377,Plastic_sporkz,Nonq
1378,instawithalex,Plastic_sporkz
1379,nesben,instawithalex
1380,instawithalex,nesben
1381,instawithalex,Jackwhawkins
1382,illinfinity,instawithalex
1383,instawithalex,illinfinity
1384,julieboolie2726,instawithalex
1385,instawithalex,julieboolie2726
1386,Crackmacs,instawithalex
1387,instawithalex,Crackmacs
1388,instawithalex,instawithalex
1389,instawithalex,instawithalex
1390,instawithalex,Nonq
1391,instawithalex,instawithalex
1392,instawithalex,instawithalex
1393,instawithalex,instawithalex
1394,instawithalex,instawithalex
1395,instawithalex,instawithalex
1396,instawithalex,instawithalex
1397,instawithalex,instawithalex
1398,instawithalex,Nonq
